source,target,context,tags
"Hi everyone, I'm Lorena",ロレナだよ,Time: 0:00:00.534000,
and I'm Phillip.,Philipだよ,Time: 0:00:01.857000,
and welcome back to...,Break It Kidsに,Time: 0:00:02.589000,
Break It Kids!,ようこそ！,Time: 0:00:03.822000,
"your movement break for your brain, body...",みんな、体とあたまを動かして～,Time: 0:00:04.541000,
and senses.,リフレッシュ！,Time: 0:00:07.403000,
"Today, we've got a very special mission.",今日は特別なミッションがあるよ。,Time: 0:00:12.403000,
"A whole lot of different types of fruit have gotten lost in Candyland,",フルーツたちがキャンディとうで 迷子になったんだ！,Time: 0:00:14.557000,
and we need to save them from all that sugar.,砂糖からフルーツを守らなきゃ,Time: 0:00:17.827000,
"Now, a little bit of sugar is OK,",砂糖少しなら、大丈夫！,Time: 0:00:20.150000,
but a whole land made of,しま全部が、砂糖でできてるのは,Time: 0:00:21.638000,
sugar?,。,Time: 0:00:23.417000,
That's just too much.,やりすぎだ！,Time: 0:00:24.226000,
"Luckily, we have a map to help us find our way.",地図を見てフルーツをさがそう！,Time: 0:00:25.671000,
"But first,",最初に,Time: 0:00:29.603000,
"as always,",いつも通り,Time: 0:00:30.344000,
we fire it up.,気合をいれていこう！,Time: 0:00:31.432000,
Let's get rescuing.,助けにいくぞ～,Time: 0:00:34.203000,
"Now, according to our map,",地図によると…,Time: 0:00:36.681000,
the bananas are stuck in the candy cane and lollipop forest.,バナナはローリーポップの森に、いるみたいだね。,Time: 0:00:38.195000,
Let's head there first.,そこにいってみよう,Time: 0:00:41.451000,
"Wow, these candy canes are so tall,",わぁ、なんてでかいキャンディ棒だ！,Time: 0:00:43.777000,
and the bananas are stuck right at the top.,バナナは一番上に、いるみたいだけど…,Time: 0:00:46.954000,
How did they even get there?,どうやって上にいったんだろう？,Time: 0:00:49.699000,
"To get the bananas down,",バナナを取るために,Time: 0:00:51.661000,
we're going to shake the candy cane just like this,キャンディ棒をこんな風に,Time: 0:00:52.932000,
"as hard as you can, moving your whole body.",体全体を動かしながら揺らしてみて,Time: 0:00:55.475000,
"And then as the bananas fall,",バナナが落ちてきたら、,Time: 0:00:57.879000,
we're going to do star jumps on the spot j,その場で、こんな風にスタージャンプを,Time: 0:00:59.211000,
just like this.,していくよ。,Time: 0:01:01.517000,
And then they're going to plop into our magic bag.,そしたらマジックバッグに飛び込んでくるよ。,Time: 0:01:03.064000,
"Ready, kids?",準備はいい？,Time: 0:01:05.870000,
"Let's go. OK,",レッツゴー！,Time: 0:01:06.701000,
start with the shaking.,からだ全部を使って,Time: 0:01:07.307000,
Move your whole body.,揺らしていこう！,Time: 0:01:09.108000,
That's a big candy cane. Come on.,みんな頑張っていくよ～,Time: 0:01:10.537000,
Here they come. Ready?,来た。スタージャンプ！,Time: 0:01:13.658000,
Catch them. There's one.,キャッチして～、ゲット。,Time: 0:01:16.222000,
"Come on, kids.",いいね！,Time: 0:01:18.565000,
We have to keep moving.,その調子だ。,Time: 0:01:19.372000,
"That's two. Yes, kids.",にこめゲット。,Time: 0:01:21.417000,
"OK, last one on this one.",最後だよ！,Time: 0:01:23.301000,
Ready?,いこ,Time: 0:01:25.342000,
"Caught it, yes.",ゲット！,Time: 0:01:25.891000,
"Into our bag, nice and safe.",バッグにいれてね,Time: 0:01:27.631000,
Let's move to the next candy cane.,よし、次のキャンディー棒に、,Time: 0:01:29.254000,
"OK, here it is.",行こう！,Time: 0:01:31.604000,
"Ready, and shake as hard as you can.",さぁ、揺らしていこう。,Time: 0:01:32.682000,
"Come on, move your whole body.",体を使って～。,Time: 0:01:34.965000,
"Remember, this is far enough. Let's go, let's go.",とてもいい調子だ！,Time: 0:01:36.941000,
"OK, they're loose.",来たよ！,Time: 0:01:39.646000,
Star jumps.,スタージャンプ！,Time: 0:01:40.548000,
Here we go.,よし、,Time: 0:01:41.769000,
That's one.,ひとつめ！,Time: 0:01:42.546000,
That's two.,ふたつめ！,Time: 0:01:44.586000,
"Remember, this is far enough.",あきらめないで。,Time: 0:01:45.350000,
And the last one's on its way.,最後ひとつ！,Time: 0:01:47.631000,
Come on.,がんばれ～！,Time: 0:01:49.697000,
Almost there.,もう少しだ！,Time: 0:01:50.309000,
"And we got them. Yes, kids.",ゲット。やったね,Time: 0:01:51.193000,
Now it's time to split,さあ、次のフルーツを,Time: 0:01:56.171000,
and head to the next area.,助けにいこう。,Time: 0:01:57.597000,
Now the map says the apples are at the top of Mount Gumdrop.,リンゴはあめ山のてっぺんにいるみたいだね。,Time: 0:01:59.702000,
We're going to have to get all the way to the top,てっぺんまでいって,Time: 0:02:02.445000,
to save them.,リンゴを助けよう！,Time: 0:02:03.935000,
But there's one big problem.,あめ山を登るときに,Time: 0:02:05.554000,
Gumdrops are rolling down as we're going to go up.,飴が転がってくるから,Time: 0:02:07.241000,
We're going to have to miss them all,よけて、てっぺんを、,Time: 0:02:10.161000,
and get right to the top.,めざすよ,Time: 0:02:11.641000,
"To do that,",そのために,Time: 0:02:12.719000,
"we're going to sprint on the spot just like this,",その場で、全力ダッシュを,Time: 0:02:13.549000,
as quick as you can.,していこう。,Time: 0:02:15.709000,
"And then,",もし,Time: 0:02:17.213000,
"as the gumdrops come,",飴が落ちてきたら,Time: 0:02:17.820000,
"we're going to hop over them, just like this.",僕みたいにジャンプしてね。,Time: 0:02:19.266000,
"Follow me,",僕に、,Time: 0:02:21.893000,
and we can do this.,ついてきて～,Time: 0:02:22.697000,
Let's go.,レッツゴー,Time: 0:02:24.470000,
"OK,",よし。,Time: 0:02:25.543000,
we're going to have to start quick.,全力でダッシュしていこう！！,Time: 0:02:25.801000,
"This is a big mountain. So the faster we go,",全力を尽くしてリンゴを,Time: 0:02:27.613000,
the quicker we can get to the top.,早く助けよう！,Time: 0:02:29.919000,
"And remember, this is",とてもいい運動だね。,Time: 0:02:32.198000,
"So let me give you max energy. Come on, kids.",みんな、一緒に頑張ろう！,Time: 0:02:34.596000,
"OK, now come the first gumdrops.",ガムドロップだ！,Time: 0:02:38.191000,
"Ready, hop,",ジャンプして！,Time: 0:02:40.179000,
"and again, hop,",もう一回,Time: 0:02:41.417000,
"and again, hop.",もう一回だ,Time: 0:02:43.030000,
Last one.,最後だ,Time: 0:02:44.472000,
"Excellent work, kids. Now sprint again.",次はその場でダッシュ！,Time: 0:02:45.780000,
"Come on, let's go, let's go, let's go.",いい調子！頑張ろう！,Time: 0:02:47.995000,
All the way to the top.,もう少しだ,Time: 0:02:50.102000,
"Here we go, we're halfway.",半分まできたよ,Time: 0:02:51.345000,
"Wow, this is tough.",わぁ、,Time: 0:02:52.766000,
"More gumdrops. Ready,",またきたよ,Time: 0:02:53.877000,
"hop, sprint again.",ジャンプ、ダッシュ,Time: 0:02:55.208000,
"More gumdrops, hop,",ジャンプ！,Time: 0:02:56.511000,
"hop again,",もう一度,Time: 0:02:58.548000,
and again.,もう一回,Time: 0:02:59.940000,
"OK, last little bit.",あきらめないで,Time: 0:03:01.112000,
I can see one or two more gumdrops left.,あと二回だよ！,Time: 0:03:02.462000,
"Come on,",もう少し！,Time: 0:03:05.137000,
"last one now, hop,",ジャンプ,Time: 0:03:05.659000,
"and last little bit,",もうちょっと、,Time: 0:03:09.550000,
and we made it.,ついたーー！,Time: 0:03:11.033000,
Look at that.,よかった～,Time: 0:03:12.792000,
The apples are all safe.,リンゴは皆無事だ,Time: 0:03:13.632000,
I guess they're just enjoying the nice view.,どうやら景色を楽しんでるみたいだね,Time: 0:03:16.494000,
"Come on, guys.",ほら、,Time: 0:03:18.955000,
"Into the bag, please.",バッグに入って。,Time: 0:03:19.781000,
"Now the next fruit on the map are mangoes, and it looks like they're hiding in a cupcake maze.",次はマンゴーを助けに行くよ！地図によるとカップケーキの迷路に隠れているみたいだね。,Time: 0:03:22.266000,
"Hmm,",。,Time: 0:03:27.648000,
those are some pretty cheeky mangoes.,いたずら好きのマンゴーたちを,Time: 0:03:27.978000,
"To find them, we're going to do scissor kicks on the spot like this,",見つけるために僕の動きを真似して、,Time: 0:03:30.982000,
and then you're going to follow my directions.,ついてきてね！,Time: 0:03:33.709000,
"We're either going to go straight,",まっすぐ進むか～,Time: 0:03:35.819000,
"to the left, or",左か、,Time: 0:03:36.743000,
to the right.,右に行くよ,Time: 0:03:38.845000,
"Ready, kids, let's go.",準備はいいかな？,Time: 0:03:39.829000,
"this is a big maze, so we're going to have to use max effort to find them all.",とてもでかい迷路だけど、あきらめずに頑張ろうね。,Time: 0:03:42.538000,
"OK, to the left,",左にいくよ,Time: 0:03:46.369000,
there we go.,いいね,Time: 0:03:47.852000,
"Wow, that's a lot of cupcakes.",わぁ、すごい量のカップケーキだ,Time: 0:03:48.955000,
And to the right.,右にいくよ～,Time: 0:03:50.926000,
"Excellent, kids.",その調子だ,Time: 0:03:52.453000,
And straight.,まっすぐ～,Time: 0:03:53.621000,
There's the first one.,いたよ！！,Time: 0:03:54.695000,
"Speed up, come on.",スピードあげて。,Time: 0:03:55.893000,
"Come on, you little cheeky mango.",来て、マンゴーちゃん！,Time: 0:03:57.072000,
You're not going to get away from us.,にがさないぞ～,Time: 0:03:58.770000,
"And we got him, yes!",捕まえた！,Time: 0:04:00.354000,
Into the bag.,カバンに入れて,Time: 0:04:01.619000,
"OK, turn left.",左にいくよ,Time: 0:04:02.643000,
"Oh, this is tough work, isn't it?",だんだん疲れてきたね,Time: 0:04:04.235000,
Straight again.,まっすぐだ,Time: 0:04:08.208000,
And to the left.,ひだり！,Time: 0:04:09.702000,
"Come on, kids,",いい調子だ,Time: 0:04:10.913000,
there's another one!,みつけたよ！,Time: 0:04:11.728000,
"Speed it up. Let's go, let's go.",スピードあげて,Time: 0:04:12.893000,
"Come on, cheeky mango, we're going to get you.",捕まえるぞ～、マンゴ～ちゃん！,Time: 0:04:14.348000,
"And we got him, yes.",よし！ バッグに,Time: 0:04:16.519000,
"OK, straight now.",まっすぐいくよ,Time: 0:04:18.721000,
And then to the right.,右いって,Time: 0:04:20.422000,
"Come on, kids, this is fired up. Let's go.",気合いれて～！,Time: 0:04:21.569000,
And straight again.,まっすぐだ,Time: 0:04:23.413000,
There's the last one.,最後だよ！,Time: 0:04:24.586000,
And we got him.,よし、ゲット!,Time: 0:04:27.002000,
"Yes, kids.",いいね,Time: 0:04:28.307000,
Glad those cheeky mangoes are in our bag.,やっとマンゴー達がそろったね,Time: 0:04:30.861000,
Now to get out of here.,ここからどうやって出るんだ。,Time: 0:04:34.269000,
Time to focus it.,頭のひらめき,Time: 0:04:37.122000,
Unpeel your brain.,スイッチ～、オン！,Time: 0:04:39.196000,
"According to our map, the grapes are on Candy Floss Lane. Let's head over.",地図によると、ブドウ達はワタ飴の道に、 いるみたいだね、行ってみよう。,Time: 0:04:43.692000,
"Oh no,",まぁ！,Time: 0:04:50.309000,
it looks like our little grape friends are stuck in a,ブドウは、ワタ飴にひっついてしまったみたいだね。,Time: 0:04:50.687000,
sticky floss.,大変だ。,Time: 0:04:54.508000,
Let's help them out.,助けてあげようね。,Time: 0:04:55.817000,
"To do that, we're going to bounce on one leg like this,",じゃ、私みたいにカタ足でスクワットして,Time: 0:04:57.113000,
"reach down,",ブドウを,Time: 0:04:59.811000,
grab our little grape friend,助けてあげよう,Time: 0:05:01.655000,
and put it in the bag.,バッグに入れて,Time: 0:05:03.118000,
And then,次は,Time: 0:05:04.191000,
"repeat on the other side,",こんな風に、,Time: 0:05:04.845000,
"Excellent, let's go.",かんぺき！じゃあ,Time: 0:05:09.159000,
"Okay, balancing here,",いくよ～,Time: 0:05:11.366000,
maximum focus.,バランスとって～。,Time: 0:05:12.801000,
"All right, let's reach down to grab the grape.",ぶどうを取るために手を下に出して～、,Time: 0:05:14.151000,
"Go, you got him.",ゲット～。,Time: 0:05:16.969000,
"Yes,",やった,Time: 0:05:19.193000,
"okay, first one done.",いい感じだね。,Time: 0:05:19.596000,
Other side.,逆むき！,Time: 0:05:21.008000,
Now this takes maximum effort.,頑張るよ！,Time: 0:05:21.931000,
"Go, whoa,",わぁ！,Time: 0:05:25.679000,
it's a bit wobbly.,危ないっ,Time: 0:05:26.514000,
"okay, now this floss is sticky,",凄くベタベタだよ！,Time: 0:05:30.076000,
"so come on,",私に、,Time: 0:05:31.625000,
stick with me.,ついてきてね,Time: 0:05:32.371000,
"Okay, balancing here.",バランスとるよ。,Time: 0:05:33.238000,
Get that little grape.,ブドウを取って！,Time: 0:05:34.847000,
"Oh, it's so sticky.",すごいひっつきぐあい！,Time: 0:05:36.731000,
"okay, here's another one.",次にいってみよう！,Time: 0:05:39.862000,
"Okay, we've got to be gentle, they're just grapes.",ブドウだから、やさしくね,Time: 0:05:41.379000,
Don't squeeze too hard.,つぶさないようにね！,Time: 0:05:44.847000,
"There we go, okay.",その調子だよ。,Time: 0:05:46.751000,
"Two more,",あと２個！,Time: 0:05:48.545000,
balancing here.,バランスとって～,Time: 0:05:49.515000,
"Reach down,",ブドウを～、,Time: 0:05:50.741000,
"that's it, and one more.",ゲット！、あと１個！,Time: 0:05:52.181000,
"these silly grapes, they should never be allowed to wander around all by themselves.",このブドウたち、もう絶対ひとりでうろうろさせないんだから。,Time: 0:05:56.996000,
I'm glad we got them all.,全員助けれてよかった。,Time: 0:06:01.204000,
"According to the map, our last fruit, the pineapple, is bobbing around in the chocolate river.",地図によると、最後のフルーツ、パイナップルがチョコレートの川でプカプカ浮いてるみたい。,Time: 0:06:03.353000,
"Now,",よし、,Time: 0:06:09.356000,
I've got an idea.,いいアイデアがあるよ,Time: 0:06:10.120000,
Let's hop on our chocolate slab,チョコレートの板と,Time: 0:06:11.538000,
and use a lollipop to row them out,ロリポップを使って、探しにいこう。,Time: 0:06:13.625000,
before they get way too soggy.,この板がとけちゃうまでにね,Time: 0:06:16.144000,
"kneel just like this,",片ひざを床につけて,Time: 0:06:19.415000,
and then take your giant lollipop,それから、巨大なロリポップをもって、,Time: 0:06:20.977000,
and row on either side of your body just like this to get the pineapples out.,わたしみたいにロリポップを漕いで、パイナップルを助け出そう。,Time: 0:06:24.082000,
"Ready, kids? Let's go.",準備はいい？いくよ,Time: 0:06:28.259000,
"All right, hold on to your lollipop.",ロリポップをしっかり持って～。,Time: 0:06:30.018000,
Let's start rowing.,漕ぎ始めるよ。,Time: 0:06:31.855000,
That's it.,その調子。,Time: 0:06:33.641000,
"Okay, now this is tricky.",大変だね,Time: 0:06:34.934000,
"So again, focus it, kids.",みんな、集中して。,Time: 0:06:37.409000,
Side to side across the body just like that.,体の横でこんなふうに動かしてね,Time: 0:06:39.562000,
"Oh, there's our first pineapple.",あっ、最初のパイナップル発見！,Time: 0:06:42.532000,
"Yes, we got it.",やった、捕まえた！,Time: 0:06:44.270000,
Excellent.,いいね！,Time: 0:06:45.765000,
"I mean, it looks like a pineapple spot here.",何だかパイナップルのいえみたいだね。,Time: 0:06:47.037000,
They look so relaxed in this chocolate river.,自分の家みたいにリラックスしてるよ。,Time: 0:06:49.658000,
"And I'm not gonna lie,",実は,Time: 0:06:52.222000,
I could do with a cheeky taste.,ちょっとだけ味見してみたいな,Time: 0:06:53.498000,
"There we go, another one.",もうひとつ見つけたよ,Time: 0:06:55.831000,
"Excellent, keep it up.",その調子！,Time: 0:06:57.334000,
"All right, let's row a little bit faster.",ちょっと速く漕いでみよう。,Time: 0:06:58.921000,
"Come on, everyone.",頑張ろう、,Time: 0:07:00.491000,
There's another one.,また見つけたよ。,Time: 0:07:01.694000,
"Yes, well done.",よくやったね。,Time: 0:07:02.988000,
It's a bit wobbly.,わ、ちょっと危ない。,Time: 0:07:04.341000,
Keep your tummy tight.,みんな、お腹に力入れて,Time: 0:07:05.998000,
Try not to fall in.,落ちないように。,Time: 0:07:08.347000,
"Let's go. Come on, everyone.",いくよ、みんな、,Time: 0:07:09.662000,
"Oh, this chocolate looks so yummy.",お、このチョコは美味しそう,Time: 0:07:12.164000,
Keep it up.,頑張って,Time: 0:07:14.789000,
"Yes, we got the last one.",最後一つもゲット！,Time: 0:07:16.046000,
"Great rowing, kids. We have them all.",よく頑張ったね、全部つかまえたよ。,Time: 0:07:18.292000,
And we used a chocolate slab and a lollipop.,チョコレートの板とロリポップを使ったのは,Time: 0:07:20.996000,
How cool.,よかったね。,Time: 0:07:23.829000,
"Well done, team. We've saved all the fruit.",全部のフルーツを救えたね！！！！！！,Time: 0:07:25.594000,
"Now, according to the map, the only way to get out of Candyland and to keep these fruits safe is to go across the Biscuit Bridge.",地図によると、キャンディとうを抜けてフルーツを守るためには、ビスケットの橋を渡るしかないみたい。,Time: 0:07:28.043000,
"Sounds pretty cool. All right, let's grab the bag, everyone.",すごく面白そうだね！じゃあ、みんな、バッグを持って,Time: 0:07:36.578000,
"Oh, it's heavy. Come on.",わぁ、重たい,Time: 0:07:41.112000,
Yes.,よし、,Time: 0:07:43.590000,
"Now, I've got a bit of a crazy idea.",みんな聞いて、私に面白いアイデアがあるの。,Time: 0:07:45.407000,
"We made it across the Biscuit Bridge,",ビスケットの橋を渡ったけど、,Time: 0:07:49.189000,
but what if we now smash the Biscuit Bridge,フルーツがこっそり入っていって,Time: 0:07:51.357000,
to keep all of our fruit nice and safe,きけんな目に合わないように,Time: 0:07:54.292000,
and to keep them from sneaking in all the time?,この橋を壊しちゃおう！,Time: 0:07:56.415000,
"Luckily, we've got this Popsicle as a hammer",橋を壊すためにこのアイスキャンディーを,Time: 0:07:59.329000,
that we can use to smash it.,ハンマーにしよう。,Time: 0:08:02.138000,
"All right, to do that, we're gonna pick up our Popsicle",じゃあ、アイスキャンディーをもって～、,Time: 0:08:04.157000,
and then do a figure of eight,こんなふうに八の字を,Time: 0:08:07.160000,
"just like this,",かいてみよう。,Time: 0:08:09.200000,
"and then squat down,",スクワットして、,Time: 0:08:10.776000,
smash the bridge just like that.,橋を壊すよ！！,Time: 0:08:12.186000,
"All right, pick up your Popsicle.",アイスキャンディーを持って～。,Time: 0:08:16.554000,
"Figure of eight, nice and controlled.",八の字を上手に描いて,Time: 0:08:18.901000,
And get ready to smash.,スクワットして壊していくよ～。,Time: 0:08:21.620000,
"Squat, smash.",スマッシュ。,Time: 0:08:23.266000,
"Okay, this is a really strong bridge.",この橋はすっごく手ごわいね。,Time: 0:08:25,
Spending maximum effort.,負けないよ～。,Time: 0:08:27.568000,
"Ready, squat.",いくよ、しゃがんで。,Time: 0:08:29.084000,
Boom.,バン！,Time: 0:08:31.027000,
"Okay, not yet.",まだまだだね。,Time: 0:08:31.888000,
"Come on, everyone. We've gotta keep the fruit safe",もうちょっと！みんなとフルーツを守るために,Time: 0:08:33.379000,
and the Candyland residents,頑張っていくよ！,Time: 0:08:36.167000,
"That's it, keep it up.",その調子！,Time: 0:08:40.640000,
Can't believe we have a Popsicle as a hammer.,アイスキャンディがハンマーなんて、,Time: 0:08:44.959000,
This is too cool.,すごすぎるよね。,Time: 0:08:47.102000,
"Here we go, it's starting to crumble.",ほら、崩れ始めたよ！,Time: 0:08:48.491000,
And use all your strength.,全力で、,Time: 0:08:52.640000,
"Boom,",バーン！,Time: 0:08:54.617000,
nice.,いいね！,Time: 0:08:55.173000,
"Okay, one more time. Come on, it's almost there.",もう一回、頑張ろう。,Time: 0:08:56.415000,
We've almost broken it. Ready?,みんな、もうちょっとだよ！,Time: 0:08:59.036000,
"Yes, there it goes.",やった、できたよ。,Time: 0:09:02.113000,
"Great work, kids.",よく頑張ったね。,Time: 0:09:04.514000,
That biscuit bridge didn't stand a,手ごわいビスケットの橋だったのに、,Time: 0:09:05.936000,
And some would say that's how the biscuit crumbles.,みんな、よくあきらめずに戦えたね,Time: 0:09:08.158000,
Now that was a fruit-alicious adventure.,今回はフルーツいっぱいの冒険だったね！,Time: 0:09:12.775000,
But now it's time,今からは,Time: 0:09:15.784000,
to cool it.,リラックス,Time: 0:09:17.563000,
"For our first cool it exercise,",リラックスするために、,Time: 0:09:24.202000,
we're going to do sunshine breath.,サンシャイン呼吸を、するよ。,Time: 0:09:25.589000,
"So you can imagine you're a big, warm, bright sun.",大きくて、明るい太陽になったイメージをして。,Time: 0:09:27.529000,
"Sitting in a comfortable position, just like this,",こんなふうに、楽な姿勢で座ってね,Time: 0:09:31.247000,
you can breathe in through your nose.,はなからすって,Time: 0:09:33.637000,
Imagine you're that sun that's just getting bigger.,大きくなっていく太陽をイメージして～、,Time: 0:09:36.528000,
"And then as you breathe out through your mouth,",そして口から息をはこう。,Time: 0:09:38.804000,
you're going to spread your warm rays of sunshine all over.,あったかい太陽の光をみんなに届けてあげよう。,Time: 0:09:42.555000,
In through your nose.,鼻から吸い込んで。,Time: 0:09:47.321000,
And then breathe out through your mouth.,口から息をはこう。,Time: 0:09:52.113000,
Imagine those rays spreading all around you.,みんなに太陽の光を届けるイメージで,Time: 0:09:56.680000,
Go again. In through your nose.,はなから吸って、,Time: 0:10:00.008000,
And out through your mouth.,はいて～。,Time: 0:10:05.509000,
Imagine the rays getting brighter and warmer each time you breathe out.,呼吸をするたび、太陽がよりあたたかくなってる事をイメージして。,Time: 0:10:10.025000,
Let's go again.,いくよ。,Time: 0:10:14.165000,
You can also send those sunshine rays to someone that you love.,太陽の光を自分の大切な人に届けてみよう。,Time: 0:10:22.979000,
What a great way to calm your mind and body down.,心と体を落ち着かせるには最高の方法だね。,Time: 0:10:36.052000,
And you get to spread some sunshine around.,太陽の光をみんなに届けて～。,Time: 0:10:38.681000,
Excellent work.,よくやったね！,Time: 0:10:40.897000,
"For our final cool it exercise,",最後に、,Time: 0:10:42.555000,
we're going to do cat-cow breathing.,うし猫呼吸をするよ。,Time: 0:10:44.095000,
"To do that, we're going to go down onto all fours,",こんな風に、よつんばいに,Time: 0:10:46.021000,
"And then when you breathe in through your nose,",はなから吸うとき、,Time: 0:10:49.380000,
you're going to arch your back and look up like a cow.,背中をそらして、うしみたいに上を見てみよう。,Time: 0:10:51.019000,
"And then when you breathe out through your mouth,",口から息をはくときは、,Time: 0:10:55.169000,
you're going to arch your back the other way like a cat.,猫みたいに、反対側に背中をそらすよ。,Time: 0:10:56.924000,
Super simple.,できるかな？,Time: 0:11:01.672000,
Breathing in through your nose.,はなから息を吸って,Time: 0:11:03.732000,
And then all the way out through your mouth.,はいて。 背中を,Time: 0:11:08.276000,
Arch your back.,丸めて。,Time: 0:11:10.030000,
Remember to tuck your chin in.,顎もしっかりひっこめて,Time: 0:11:13.896000,
Let's try again.,もう一回。,Time: 0:11:15.137000,
You can close your eyes if you want to.,目を閉じても大丈夫だよ。,Time: 0:11:24.567000,
It's like a good stretch and breathing at the same time.,とてもいいストレッチだね。,Time: 0:11:36.205000,
"Excellent work, kids.",よく頑張ったね！,Time: 0:11:49.346000,
That's a great stretch to do any time.,いつしても、とてもいいストレッチだよ！,Time: 0:11:50.723000,
Well done.,してみてね。,Time: 0:11:52.998000,
"Now, remember to always keep an eye on your fruit.",みんな、フルーツ達がどこにも行かないように,Time: 0:11:54.660000,
You never know if they might wander off.,"フルーツから、目を離さないようにしてね,,,,,",Time: 0:11:57.519000,
See you soon.,またね！,Time: 0:11:59.991000,
"Break it, kids.","Break it, Kids.",Time: 0:12:01.052000,
"Hi everybody, I'm Phillip.",やぁ、フィリップだよ！,Time: 0:00:00.140000,
And I'm Lorena.,ロレナだよ,Time: 0:00:01.500000,
And welcome back to,Break it kidsに,Time: 0:00:02.130000,
Break It Kids.,ようこそ！,Time: 0:00:03.465000,
"Your move and break for your brain, body...",体とあたまを動かして、,Time: 0:00:04.670000,
and senses!,リフレッシュ！,Time: 0:00:07.504000,
"Today, we get to build and take control of a giant mech.",みんな、今日はメカを作っていこう！,Time: 0:00:11.970000,
"Now, for anybody who doesn't know, a mech is a robot we get to control from the inside.",めかっていうのは、なかから操縦することができるロボットのことだよ！,Time: 0:00:16.356000,
"We get to choose what the robot looks like, we get to build it, and then go help a city.",どんなロボットにするか決めてからつくって、まちをたすけにいこう！,Time: 0:00:22.482000,
"First, as always, we fire it up. Let's get robotic.",まずはきあいを入れてロボットを作るよ。,Time: 0:00:28.660000,
First and most important is the mech's head.,最初に一番大切なメカの頭から！,Time: 0:00:38.370000,
This is where we'll be able to control all of the movement.,ここでメカのうごきをぜんぶあやつることができる。,Time: 0:00:40.900000,
Let's choose from a couple of different heads and then see which one works best.,じゃ、リストの中から選んで、どれがいちばんいいかためしてみようね。,Time: 0:00:44.270000,
"To do that, we're going to scroll through the options by swiping our hand like this,",こんな風に、画面を手でスワイプしながら選んで,Time: 0:00:49.050000,
and then we're gonna try and fit the head on by doing twist jacks on the spot like this.,その場で腰をひねりながらジャンプをして試してみよう！,Time: 0:00:53.585000,
"Ready, kids? Let's go. Let's scroll through the options. Here we go. Swipe.",準備はいい？スワイプしてみよう。いくよ。,Time: 0:01:00.145000,
A horse's head? That's a bit strange. Let's try.,うまの頭！？ちょっと変だけどやってみよう。,Time: 0:01:03.917000,
"Okay, twist jacks on the spot. That's it, everybody. Okay.",その場で腰をひねりながらジャンプ！,Time: 0:01:07.074000,
"Oh, it doesn't fit. Okay, stop.",合わないみたい、次にいこう！,Time: 0:01:10.480000,
Here we go. A banana? Nooo.,バナナは無理だね！,Time: 0:01:12.360000,
"A mouse? Okay, let's try. Here we go.",ネズミ！やってみよう,Time: 0:01:15.455000,
"Okay, twist jacks.",よし！,Time: 0:01:17.765000,
"All right, starting to fit.",いけるかな？,Time: 0:01:18.795000,
"Ah, no, it doesn't work either. Okay, next one.",ダメみたい、次に行こう！,Time: 0:01:20.940000,
"Cheese?! Oh, that's some smelly work. Try again.",チーズ！ちょっとくさいね！次を見てみよう！,Time: 0:01:23.755000,
"All right, a T-Rex. That's cool. Okay, here we go. Let's try. All right.",よし、ティーレックスだ！かっこいいね！やってみよう。,Time: 0:01:26.255000,
"Ohhh, again, doesn't seem to fit. Come on, everybody, it's Fire it up. Let's try one more. Here we go.",ティーレックスも無理みたい！みんな、気合をいれて！もう一回やってみよう！,Time: 0:01:31.605000,
"All right, let's try. Here we go.",よし、行くよ。,Time: 0:01:37.870000,
"That's it, twist jacks. Here we go.",こしをひねってジャンプ！,Time: 0:01:39.890000,
"This one seems to work. That's it, everybody, give it all you've got. It's almost in there.",これはいけるかも！みんな、諦めないで！あと少しだよ！,Time: 0:01:41.845000,
"Yes, excellent.",やった！！,Time: 0:01:46.885000,
And it looks so cool.,カッコイイ！ ぴったりだね！,Time: 0:01:48.870000,
"Now we need arms. And we need strong ones with all sorts of cool modifications. Just like the head, we're going to swipe through the options and then do high knees on the spot just like this to fit the arms.",つぎはうでがひつようだね。いろんなかっこいいカスタムがついたつよいうでにしよう。さっきとおなじように、スワイプして、こんどはそのばで全力ダッシュをしてうでをつけるよ。,Time: 0:01:51.851000,
"Ready, kids? Let's go. Okay, here we go. Swipe.",準備はいい？レッツゴー！スワイプ！,Time: 0:02:06.032000,
Looks like we've got loads of options to choose from.,選べるものがたくさんあるみたいだね,Time: 0:02:08.985000,
Apples?,リンゴ？,Time: 0:02:12.635000,
"Oh... I don't know. Let's try. Okay, here we go. High knees on the spot. Come on, give it all you've got.",いけるかな、やってみよう。その場でひざを高く上げて！,Time: 0:02:13.860000,
"Okay, that definitely doesn't work. Okay, pause.",やっぱりダメみたいだね,Time: 0:02:18.440000,
Let's swipe again. Here we go.,スワイプしよう！,Time: 0:02:20.860000,
"Big springs. Okay, let's try.",大きなばね。やってみよう。,Time: 0:02:22.560000,
I don't know. This seems really bouncy.,すごくはずみそうだね！,Time: 0:02:25.470000,
I don't think so. Let's swipe again. Here we go.,これもダメ！スワイプ。,Time: 0:02:28.125000,
"Balloon. Okay, let's try. I don't know.",ふうせんだね。試してみよう。,Time: 0:02:30.571000,
"I mean, how is he going to pick anything up like that? No, let's stop. Okay, here we go.",でもこんな手じゃなにもつかめないね。やっぱりやめて、つぎにいこう！,Time: 0:02:33.848000,
"Swipe. Cucumber. Okay, let's try. Here we go. I ain't nobody got time for a snack. Stop. Swipe again. Here we go. That looks cool. Let's try. Here we go.",スワイプして、きゅうり。よし、試してみよう！ きゅうりは使えそうにない。やめて。 スワイプして次に行こう 他になにがあるかなー、やってみよう！,Time: 0:02:39.069000,
Yes!,やった！,Time: 0:02:52.380000,
Perfect!,かんぺき！,Time: 0:02:53.520000,
"Well done, everybody.",良くやったね！,Time: 0:02:54.725000,
Now those will work...,この腕は,Time: 0:02:56.215000,
and they're strong and they look so cool.,とてもかっこよくてつよそうだね！,Time: 0:02:58,
"Now for the last part, the legs.",最後は足だよ！,Time: 0:03:00.844000,
These will allow us to be super quick and to help us fly.,あしを選んだら、はやく動けるし、そらもとべる！,Time: 0:03:03.810000,
"You guessed it. As always, we're going to swipe through the options just like this.",さっきと同じようにスワイプして、カッコイイ足を選んでいこう！,Time: 0:03:07.925000,
But this time we're going to hop on the spot like this to attach the legs.,足をつけるために今回はその場でジャンプするよ。,Time: 0:03:12.290000,
"Ready, kids? Let's go. Maximum effort. Here we go. First one.",みんな、準備はいい？頑張っていこう！,Time: 0:03:16.851000,
"Jelly. Let's try it. Okay, hop on the spot. Here we go.",ゼリー。試してみよう。その場でジャンプして,Time: 0:03:21.476000,
That seems way too...,うーん。。,Time: 0:03:25.042000,
nah... wobbly.,ちょっと。。,Time: 0:03:27.812000,
Let's not do that one.,やめておこう！,Time: 0:03:28.810000,
"Next one. Okay, here we go.",次は何かな？,Time: 0:03:30.155000,
"Wood. Maybe, let's try.",きだね。 いくよ。,Time: 0:03:31.865000,
"Okay, here we go. Might be a good option.",よし！これはいけるかも！,Time: 0:03:33.550000,
"Come on, everybody. Give it all you got. Let's see it.",みんな！諦めずにジャンプしようね！,Time: 0:03:35.980000,
"All right. Nope, way too stiff. Next one.",うーん。かたすぎるね、つぎいこう！,Time: 0:03:39.172000,
Okay. Spaghetti. Let's try it.,スパゲッティ。やってみよう。,Time: 0:03:42.835000,
"Okay, hop on the spot. Come on, everybody. Give it all you've got.",その場でジャンプして！がんばってね！,Time: 0:03:45.520000,
"All right, noodles as legs. No way.",やっぱり、無理だったね！,Time: 0:03:49.380000,
Next one!,つぎ！,Time: 0:03:52.570000,
"String beans. Okay, let's try it. Come on, everybody. Give it all you've got.",いんげん！とりあえずやってみよう。諦めないでね！,Time: 0:03:53.440000,
"Nope, way too stringy. One more, come on. Okay, that looks cool. Let's try. Here we go. Keep going. Yes.",ちょっとよわそうだね、、つぎにいこう！ いいね！かっこいい！さっそく試してみよう。,Time: 0:03:58.114000,
It's attached.,ぴったり！,Time: 0:04:05.930000,
Now those are perfect. And look at the cool rockets on the side.,完ぺき！しかも、よこにかっこいいロケットまでついてる！,Time: 0:04:07.448000,
Time to focus it. Let's get our mech on.,みんな、集中して、メカに乗っていこう！,Time: 0:04:13.199000,
"Now that the body's built, let's hop in and boot that mech up.",からだができあがったから、メカにのってうごかしてみよう！,Time: 0:04:19.853000,
"Yes, we're ready to help the city. And there seems to be a lot going on. Remember, whatever we do, the mech will do. Let's go kids.",町が僕たちの助けを呼んでいるみたいだ！ 僕たちがする動きはメカも同じようにしてくれることを忘れないで！みんな、行くよ！,Time: 0:04:27.397000,
"Looks like there's a massive fire down at the harbour. Let's help out. To do that, we're going to lunge forward on one leg, arm straight out to spray the fire, and then we're going to repeat on the other side. Arm straight out and spray that water. Ready kids, let's go.",どうやら港で大きな火事が起こっているみたいだ。よし、助けるために、腕をまっすぐのばして、片足を前にだして水をかけていくよ。そして反対の足でもくり返そう。腕はまっすぐのばしたまま水をかけるよ。準備はいい？,Time: 0:04:36.783000,
"We have to focus here. Arm straight out, spray the water.",集中して！腕を伸ばして水をかけるよ！,Time: 0:04:52.431000,
Controlling a mech isn't easy.,思ったより大変だ。。,Time: 0:04:56.288000,
"Okay, other leg.",反対むき！,Time: 0:04:58.216000,
Down.,しゃがんで。,Time: 0:04:59.820000,
This is a massive fire and it's so hot. I'm glad we're in the mech suit.,ふぅ、あつすぎる。。メカに守られてて本当によかった。,Time: 0:05:00.998000,
"Excellent. Right, focus kids. And forward.",とてもいい調子！反対がわ。,Time: 0:05:06.237000,
It's starting to go down a bit. We've got to keep going though.,だんだん火が小さくなってきたね！諦めないで！,Time: 0:05:10.605000,
That's it. Luckily we have these cool arms that can spray water.,水をかけられるかっこいい腕を選んでよかったね！！,Time: 0:05:13.643000,
The balloons would have never worked.,ふうせんを選んでたら大変なところだったね！,Time: 0:05:18.029000,
See how much focus this takes? This isn't easy.,とても集中力が必要だね。大変だ！！,Time: 0:05:23.813000,
Here we go. It's almost out. Well done.,もう少しだよ！,Time: 0:05:27.090000,
Come on kids.,がんばって！,Time: 0:05:30.179000,
Max focus. It's almost there.,みんな、ぜんしゅうちゅう！,Time: 0:05:31.134000,
One more on the other side.,反対向き！,Time: 0:05:35.145000,
"Yes kids, well done. It's out.",よし！火を消せたね！！,Time: 0:05:38.472000,
Well done kids. The harbour's safe and now it's time to fly.,よくやったね！これでみなとは安全だ。次の場所に行こう！,Time: 0:05:41.680000,
The velociraptors loose in the city.,わあ、ヴェロキラプトルが街を走ってる！,Time: 0:05:47.482000,
How did this even happen?,信じられない、,Time: 0:05:49.900000,
"Oh, there's a massive time portal open over there. That's probably how they got through.",そこにタイムトラベルできる穴がある！多分あそこから入ってきたんだね。,Time: 0:05:51.500000,
Let's round them up.,つかまえにいこう！,Time: 0:05:55.710000,
"To do that, we're gonna use a force field generator. Standing feet, shoulders apart. Hand up like this. Move it across your body and lift your opposite knee up at the same time. And then repeat on the other side.",そのために、フォースフィールドジェネレーターを使うよ。あしは肩幅に開いて、手をこんな風に上げて。体の反対がわに動かしながら、手と反対がわのひざも同時に上げるんだ。そして反対側でもくり返すよ。,Time: 0:05:57.090000,
We're going to capture them and move them back into the portal. Ready kids? Let's go.,捕まえてあの穴の中に戻すんだ。準備はいい？レッツゴー！,Time: 0:06:09.991000,
"Okay, they're quick so we really have to focus here.",ヴェロキラプトルは素早いから集中していくよ。,Time: 0:06:14.923000,
"Got him. Excellent. Okay, other side now. Balance as best you can. Remember, this is focusing. Body and brain working together.",捕まえたね！！ みんな、すごい。今度ははんたいがわ！バランスをしっかりとって、頭と体を一緒に動かしていくよ,Time: 0:06:18.660000,
"See, it's not easy, but we can do it. Other side.",一緒にならできるよ！反対向き,Time: 0:06:27.073000,
Here we go. Balance.,バランスを取って、,Time: 0:06:31.339000,
Yes kids.,よし、,Time: 0:06:33.643000,
"He thought he got away, but we got him. Let's keep going.",大変だったけど捕まえたね。良くやった！,Time: 0:06:35.725000,
"I mean, velociraptor's loose in the city. This is never a good sign.",街にヴェロキラプトルがいるなんて！でも誰が,Time: 0:06:40.008000,
Who even opened that time portal?,タイムトラベルの穴を開けただろう？,Time: 0:06:44.121000,
Balance. A little bit wobbly that time. Here we go.,フラフラするけど、しっかりバランスを取って。,Time: 0:06:46.407000,
"Okay, focusing kids. Other side.",よし、反対向き！,Time: 0:06:50.059000,
That's almost all of them.,ほとんど全部捕まえたね,Time: 0:06:53.677000,
"Okay, this one's the biggest one yet. We're really going to have to focus now.",わぁ、今まででいちばん大きいね。頑張って集中していこう！,Time: 0:06:55.588000,
As slow as you can.,ゆっくーりね。,Time: 0:06:59.291000,
Bring your knee up.,ひざをあげてー！,Time: 0:07:00.998000,
It's trying to get away.,逃げようとしてる！,Time: 0:07:02.363000,
And we got it.,捕まえたぞ！！,Time: 0:07:04.940000,
That was a close one. Glad we're safe in the mech suit. Well done kids.,ふぅぅ、無事で良かった、 よくやったね！,Time: 0:07:06.407000,
"Oh no, the bridge is broken and the train's on its way.",あっ、橋が壊れてるのに電車が来てる！,Time: 0:07:11.561000,
Let's do what we do best and help.,助けに行こう！,Time: 0:07:15.160000,
We're going to have to stretch across the gap so the train can go over us.,電車が通れるように、隙間をうめよう。,Time: 0:07:17.010000,
"To do that, you're going to go down to all fours like this and then stretch your opposite hand and opposite leg out.",そのために、こんな風によつんばいになって、手と反対がわの足をのばすんだよ。,Time: 0:07:20.310000,
And then repeat on the other side just like this.,そして、反対側でもこうやってくり返そう。,Time: 0:07:25.964000,
Ready kids? Let's go.,準備はいい？いくよ。,Time: 0:07:28.882000,
"Okay, max focus.",ぜん集中してね。,Time: 0:07:30.844000,
This is going to be really tough. It's not an easy movement either.,とてもしんどくなりそうだね。簡単な動きじゃないよ。,Time: 0:07:32.704000,
"Other side. Okay, here comes the train. Ready? Nice and straight.",反対向き。電車が来るよ！いくよ、 せすじをまっすぐにね。,Time: 0:07:36.851000,
Stay as still as you can. Here we go. Stretch out.,できるだけじっとしていてね。いくよ。のばしていこう！,Time: 0:07:41.476000,
"It's quite long, so this isn't easy. Here we go.",かなり長いから、しんどいけど頑張ろうね！,Time: 0:07:45.401000,
"And other side. Luckily, the mech locks into position while we switch.",反対向き。切り替える間メカはしっかり固定されるんだ。,Time: 0:07:49.172000,
There we go. Hold it there.,よし！このままキープしよう,Time: 0:07:53.182000,
"Wow, it's a long, long train, but I can hear loads of people on it. Sometimes we're keeping them safe.",とっても長い電車だから、たくさんの人が乗ってるみたいだ。絶対に守らなきゃいけないね。,Time: 0:07:56.015000,
And switch again.,反対向き。,Time: 0:08:03.097000,
"Wow, this mech suit is amazing. Imagine if we put the jelly legs on. It would never have worked. You guys helped build a perfect mech.",このメカスーツはすごいね。ゼリーの足をつけてたら、絶対うまくいかなかったよ。みんなのおかげで完璧なメカができたね。,Time: 0:08:08.080000,
"Another super job, kids. What would the city do without us? Well done.",みんな、本当に良くやった！街を助けたね,Time: 0:08:16.783000,
Now it's time to power down,これからはリラックスする時間だよ,Time: 0:08:21.407000,
"For our first cool it exercise, we're going to sit down, squeeze our legs, and then rock forwards and backwards, just like this.",最初のクールダウンのエクササイズでは、座って足をぎゅっと閉じて、こんな風に前後にゆらゆら揺れよう。,Time: 0:08:28.455000,
"All right, ready kids? Let's go. Squeeze your legs. That's it.",準備はいい？足をぎゅっと閉じて。いいね。,Time: 0:08:36.732000,
And then rocking forwards and backwards.,前後にゆらゆら、揺れるよ。,Time: 0:08:40.981000,
You can even close your eyes during this.,目を閉じながらしても大丈夫だよ。,Time: 0:08:45.418000,
Nice and calming.,いい感じだね,Time: 0:08:47.721000,
You can also focus on your breath,前後にゆらゆら揺れながら,Time: 0:08:52.585000,
as you rock forwards,呼吸にも意識を,Time: 0:08:55.076000,
and backwards.,向けてみよう,Time: 0:08:57.244000,
Just make sure you don't go too wild.,倒れないように気をつけてね。,Time: 0:09:02.414000,
"That's it, everyone.",いい調子,Time: 0:09:08.575000,
Keep going.,頑張ってね,Time: 0:09:12.175000,
"Nice and slow, pushing off your feet.",ゆっくり足で押しながらね,Time: 0:09:14.121000,
One more here.,あと一回だよ,Time: 0:09:21.356000,
"Excellent. Now this is a perfect tool to use when you're feeling worried or even frustrated. Great job, kids.",このエクササイズを、ストレスを感じたときやむねがいっぱいになったときにしてみてね。,Time: 0:09:24.411000,
"For our final cool it exercise, we're going to do what's called a balloon breath. To do this, we're going to trace a balloon with our finger",最後のクールダウンのエクササイズでは、バルーン呼吸をしていくよ。指で風船の形をかいてみよう。,Time: 0:09:32.346000,
and breathe in.,息を吸って、,Time: 0:09:40.861000,
"Then when we get to the bottom, hold your breath.",下までいったら、息を止めて、,Time: 0:09:43.916000,
"Then as we breathe out, trace the string.",息を吐きながら、風船のひもを書いてみよう。,Time: 0:09:47.909000,
"Okay, ready kids? Breathing in through your nose. Here we go. Trace that balloon",準備はいい？鼻から息を吸って、風船を書いて,Time: 0:09:53.336000,
"Hold your breath,",キープして、,Time: 0:10:03.216000,
and breathe out. Trace the string.,息をはいて、ひもをかくよ,Time: 0:10:05.298000,
"That's it, let's do it again. Here we go.",いい調子だよ！,Time: 0:10:10.401000,
"Breathing in, allow your belly to expand.",息を吸うとき、お腹をふくらませよう。,Time: 0:10:12.150000,
Hold your breath,とめて、,Time: 0:10:19.801000,
and breathing out. Relax your belly.,お腹の力を抜いて、はこう。,Time: 0:10:21.783000,
"That's it, let's keep going. Deep breath in",いいね。最後だよ。深呼吸して。,Time: 0:10:27.414000,
hold your breath.,とめて、,Time: 0:10:34.650000,
and breathe it all out.,口から、はこう。,Time: 0:10:37.755000,
That feels amazing. I hope you feel as ready as I do for what's next.,すごいリラックスできたね！次のセッションが楽しみ！,Time: 0:10:43.489000,
We managed to build an awesome mech and save the city. We couldn't have done it without your help.,かっこいいメカを作って、街を助けることができたよ。みんな本当にすごかったよ！,Time: 0:10:48.677000,
Break it kids!,Break it kids!,Time: 0:10:54.854000,
"Hi everybody, I'm Philip.",フィリップだよ。,Time: 0:00:00.196000,
And welcome back to...,ようこそ！,Time: 0:00:02.420000,
"Your movement break for your brain, body...",みんな、体とあたまを動かして,Time: 0:00:04.380000,
and senses...!,リフレッシュ！,Time: 0:00:07.300000,
"Yes, the sun's up. Let's have some fun on the beach, but first we fire it up. Let's get that body moving.",太陽が出てきたね！！ビーチで遊ぶ前に、気合をいれるために体を動かそう！,Time: 0:00:11.697000,
"I'm ready to go, yay!",僕はレディだよ！,Time: 0:00:23.711000,
Yay!,Yay！,Time: 0:00:25.670000,
"Wow, it's an absolute scorcher out today, and the sand is like lava. Gotta be quick to get to that shade. To do that, we're gonna hop across the sand like this,",わあ、今日はとっても暑いね！すなわまるでマグマみたい！急いで日かげに行かなきゃ！すなの上をジャンプして、,Time: 0:00:26.350000,
"and then when we get to the shade, we're gonna cool our feet off",日かげになったら、足を冷やそうね！,Time: 0:00:35.895000,
and make sure they don't catch fire.,足のやけどに注意して,Time: 0:00:38.967000,
Ready? Let's go.,準備はいい？レッツゴー！,Time: 0:00:40.610000,
"All right, across that sand.",よし、砂の上に！,Time: 0:00:42.261000,
"Wow, it's absolutely boiling.",わあ、あつすぎる！,Time: 0:00:44.206000,
"Keep it up, we're almost to the shade.",頑張って！もうすぐ日かげだよ！,Time: 0:00:46.595000,
"Oh, and cool them off.",熱をさまそう！,Time: 0:00:49.138000,
You gotta keep them moving quickly. We don't wanna see any sparks.,ひばなが出ないように、足を速く動かしてね！,Time: 0:00:50.895000,
"Okay, who's ready for the next bit of shade?",よし、次の日かげに行くよ！準備はいい？,Time: 0:00:54.769000,
"It's gonna be a long one, let's go. Across that sand, here we go. Keep it up, remember, on the spot.",砂の上でジャンプ！できるだけ同じ場所をキープしながら頑張ろう！,Time: 0:00:57.704000,
"Almost there, we're starting to burn.",もうすぐだよ、ちょっと熱くなってきた！,Time: 0:01:03.182000,
"Oh, we're through the shade.",やっと日かげ,Time: 0:01:05.725000,
"Oh, you gotta keep those feet moving quickly.",足を早く動かして！,Time: 0:01:07.465000,
"I feel so much better. I know this is tiring, but this is what Fire it up is all about. Ready? Last bit of shade. We're almost there.",疲れるけど！これが気合を入れる時間だよ！最後の日かげだ！もう少し！,Time: 0:01:09.820000,
We can have a nice jump in the ocean. All the way.,終わったら、海にジャンプしよう！,Time: 0:01:18.250000,
And fast speed on the last one.,ラストスパート！,Time: 0:01:22.721000,
"Wow, we made it,",やりきったね！,Time: 0:01:25.548000,
"and by the looks of things, we still have our feet.",みんな、まだ足は無事だね！,Time: 0:01:28.336000,
"Hee hee, I've still got mine.",へへ、ぼくの足も無事。,Time: 0:01:30.995000,
"We're definitely gonna need to have a cool off swim after all that hot sand. To do that, we're gonna stand side on and jump over the waves like this as they come. And then we're gonna switch and do the same thing on the other side. Ready? Let's go for that swim.",あつい砂の上にいた後は、冷たい海で泳がなきゃね！まず横向きになって、来る波をジャンプで飛び越えよう！そして、反対側も同じようにやるよ！準備はいい？泳ぎに行こう！,Time: 0:01:33.438000,
Here comes a big one.,来たよ！,Time: 0:01:49.854000,
All the way up!,ジャンプ！,Time: 0:01:51.340000,
"Excellent, guys. You gotta keep both knees as high as you can.",いい調子だよ！両ひざをできるだけ高く上げよう！,Time: 0:01:52.340000,
Switch to the other side.,反対向きも！,Time: 0:01:56.953000,
And over.,ジャンプ,Time: 0:01:58.387000,
Nice.,いいね！,Time: 0:01:59.923000,
"It's not as easy as it looks, is it?",思ったより大変だね。,Time: 0:02:01.459000,
But we're almost there.,あと少しだよ！,Time: 0:02:03.694000,
Gonna have the perfect swim after this. Switch to the other side.,このあとに泳げるなんて最高だね！反対向き！,Time: 0:02:05.622000,
Here we go. All the way up.,よし、高く！,Time: 0:02:09.342000,
"Wow, the ocean's so blue today.",なんて素敵なうみの色！,Time: 0:02:12.056000,
So inviting. We're so lucky we can be here to have the perfect swim.,この海で泳げるなんて、ほんとうに最高だね。,Time: 0:02:14.667000,
Core nice and tight. Switch.,おなかに力を入れて！,Time: 0:02:20.145000,
Right over.,ジャンプ！,Time: 0:02:22.585000,
We're almost there.,もうすぐだよ,Time: 0:02:25.401000,
The perfect dive.,ジャンプ,Time: 0:02:26.868000,
And into the blue ocean we go.,青い海に飛び込もう！！！,Time: 0:02:30.281000,
I love a good swim.,やっぱり泳ぐのって最高！,Time: 0:02:33.813000,
"There's so many beautiful fish swimming around. Let's see if we can get a closer look. To do that, we're gonna stand shoulders apart, hands in front of us, squat down and move the water around us just like this.",きれいな魚が、いーっぱい泳いでるね！もっと近くで見てみよう！足を肩幅に開いて、手は前に。しゃがんで、まわりの水をこんな風にかいで行くよ！,Time: 0:02:39.121000,
"This is gonna be a tough one, so we gotta have strong legs.",大変だけど、足の力を強くするチャンスだ！,Time: 0:02:52.636000,
"Remember, this is fired up, so we don't give up.",気合いを入れる時間だから諦めないで！,Time: 0:02:55.861000,
"Okay, let's see what we can find.",何が見つかるかな？,Time: 0:02:59.155000,
"Wow, look at that one.",わぁ、見て！,Time: 0:03:01.339000,
It's got so many stings. That's a lionfish.,トゲがいっぱい、あれはミノカサゴだ！,Time: 0:03:02.994000,
And what else is there?,楽しいね。,Time: 0:03:06.663000,
Look at the colors on that one. That's a parrotfish.,見てあの色！あれはブダイだ！,Time: 0:03:08.523000,
Absolutely beautiful.,きれいだね！,Time: 0:03:11.612000,
"Here we go. Remember,",まだまだ！,Time: 0:03:13.404000,
"strong legs, strong core.",足に力入れて！,Time: 0:03:14.923000,
We keep it up.,頑張ろう。,Time: 0:03:18.284000,
"Remember,",、あし、が,Time: 0:03:19.080000,
"if your legs are burning,",ジンジンしてたら,Time: 0:03:19.940000,
you're doing it right.,いいことだよ,Time: 0:03:21.186000,
"Oh, nice playing legs. Octopus.",見て！あしいっぱいのたこちゃんだ,Time: 0:03:22.926000,
We're at an amazing place.,とても素敵な場所だね。,Time: 0:03:27.363000,
There're so many fishes.,魚がいっぱい！,Time: 0:03:29.450000,
And last one.,最後だよ！,Time: 0:03:32.875000,
Good thing we can hold our breaths for this one.,ふう、息が続いて良かった。,Time: 0:03:34.257000,
And got a view all these.,魚もきれいだったね！,Time: 0:03:36.117000,
Yay.,やったぁ！,Time: 0:03:37.680000,
Now it's time to focus it. Electrify that brain.,頭のひらめき！スイッチ～、オン！,Time: 0:03:38.730000,
Purple squid is in the house.,むらさきイカが応援に来たよ！,Time: 0:03:43.950000,
"All that swimming was so much fun. Now, let's paddle back to shore. To do that, we're going to lunge one foot forward and keep the other one behind. Hold on to your paddle. I'm going to row from side to side. Ready? Let's go.",沢山泳いでとても楽しかったね。きしまではひざまずきながら、パドルを漕いで戻っていくよ。パドルを右、ひだり交互にこごう。準備はいい？行ってみよう！,Time: 0:03:46.783000,
"All right, now we're in focus it.",よし、集中しよう！,Time: 0:04:00.571000,
So we've really got to balance on that front leg.,前の足でしっかりバランスを取ってね！,Time: 0:04:03.300000,
And remember to keep your core tight because we don't want to fall into the water.,水に落ちないように体幹にしっかり力を入れてね！！,Time: 0:04:06.815000,
"We just did all that swimming. Now we want to paddle. We're also using two sides of that brain, so we've got to go from left to right each time.",たくさん泳いだ後は、今度はパドルを使うよ！左右の脳を使うために左から右に交互に漕ごう！,Time: 0:04:10.375000,
"You guys are doing amazing. Each time in focus it,",みんな、すごい頑張ってるね！,Time: 0:04:19.820000,
we work so well as a team.,素敵なチームプレイだね,Time: 0:04:23.029000,
"Wow, we're really starting to catch the speed.",ドンドンスピードが出てきたね！！,Time: 0:04:25.725000,
"Whoa, we're even riding a wave.",なみにも乗ってるよ！凄い！,Time: 0:04:28.610000,
"Well done, guys. Keep up that paddling.",みんな、よく頑張ってるね,Time: 0:04:31.325000,
"We're almost back to shore. You've got this, guys. From one side to the other.",もうすぐきしにつくよ！頑張って！ 左から右に交互に漕いで。,Time: 0:04:34.110000,
Two more!,もう少し！,Time: 0:04:40.127000,
And... Time!,よし！,Time: 0:04:41.280000,
Well done! We made it! back to shore safe and sound.,とうちゃく！無事にきしについて良かった！,Time: 0:04:43.689000,
Let's clean up this beach.,このビーチをきれいにするぞ！,Time: 0:04:47.190000,
"Oh, no. There's so much plastic on the beach.",ペットボトルでビーチが汚れてる！,Time: 0:04:50.145000,
Let's do our bit and get cleaning.,みんなで掃除しよう！,Time: 0:04:52.670000,
"Standing on one leg, we're going to reach with the opposite hand to pick up the trash and then switching sides to the other leg to pick up the next item.",じゃ、私みたいにカタ足でスクワットして反対の手でゴミを拾って、次は反対側の足を使ってゴミを拾うよ。,Time: 0:04:54.865000,
"Here we go. Starting to balance on that leg, reaching for the trash every single time.",片足でバランスをとりながら、一つずつゴミを拾っていくよ。,Time: 0:05:02.982000,
"Now, this is quite tricky, so if you fall out of it, don't worry. Just get right back into it.",難しいから、もしバランスを崩しても心配しないで。すぐにまた挑戦しよう！,Time: 0:05:09.547000,
"Oh, my gosh. There's so many plastic bottles",ペットボトルがこんなに捨てられてるなんて、,Time: 0:05:15.895000,
and even a plastic bag.,おまけにプラスチックの袋も！,Time: 0:05:19.530000,
"Now, remember, each time you see trash on the beach, we pick it up",ビーチでゴミを見つけたら、ひろって,Time: 0:05:21.868000,
and we throw it away.,捨ててね！,Time: 0:05:25.793000,
"Thank you, guys, so much for helping.",手伝ってくれてありがとう！,Time: 0:05:27.755000,
"Well done, everybody. Staying balanced on that leg.",片足でバランスをとりながら頑張ったね！,Time: 0:05:30.179000,
This is focus set. So we're using that body and that brain all together.,集中するために、体とあたまを一緒に使っていくよ！,Time: 0:05:33.609000,
You guys got it! Got less than ten seconds on the clock.,みんな、がんばって！！あと10秒だよ！,Time: 0:05:38.438000,
"Gosh, there's even a shoe.",信じられない！,Time: 0:05:42.295000,
There's some strange things on the beach.,靴まで捨てられてる。,Time: 0:05:44.308000,
wow. A message in a bottle.,ビンの中にメッセージが入ってるよ！,Time: 0:05:47.005000,
Let's look inside!,見てみよう！,Time: 0:05:49.520000,
Keep up the good work!,よく頑張ってるね！,Time: 0:05:50.935000,
And the last one. Here it goes.,最後のひとつ！いくよ！,Time: 0:05:52.977000,
"Yes. Well done, team. The beach looks so clean. Thank you.",よくやったね、みんな！ビーチがとてもきれいになったよ。ありがとう！,Time: 0:05:56.015000,
Purple squid says you rock.,君たちすごいね！,Time: 0:06:01.271000,
"After all that cleaning, let's have some fun. Time for beach bats. To do that, we're going to hold on to our bat, hit too high, and then squat down to hit too low. All right.",掃除を頑張ったから、ビーチバットで楽しもう！！！！バットを使って高いところで二回うつ、次はひざを曲げて低いところで二回うつよ,Time: 0:06:04.940000,
Alright. Who's ready to become a beach bat boss? Here we go.,準備はいいかな？行くよ！,Time: 0:06:15.285000,
Hitting 2 high and then 2 low.,2回高いところ、そして二回低いところ！,Time: 0:06:19.030000,
"Nice one, guys.",いいショットだね！！,Time: 0:06:23.080000,
So we're focusing here.,集中していこう！,Time: 0:06:24.581000,
We're trying to get every single ball.,ボールを落とさないようにしてね！,Time: 0:06:26.487000,
You guys are amazing.,みんなすごいね！,Time: 0:06:29.718000,
Squatting down when we go low.,低いところはひざを曲げて！,Time: 0:06:31.535000,
That's it. Opposite sides.,いい調子！反対側も！,Time: 0:06:34.462000,
Whoops. We missed that one.,わ、一つ外しちゃった。,Time: 0:06:37.431000,
"Good job, team. We're doing such a great job.",みんな、その調子！,Time: 0:06:39.684000,
focusing here.,しゅうちゅう！,Time: 0:06:45.452000,
So we're going in all sorts of directions.,いい運動だね！,Time: 0:06:47.040000,
"Also, hold on to that bat. We don't want it to fly away.",みんな、バットを落とさないように、しっかり持ってね！,Time: 0:06:49.820000,
"That's it, guys. We're almost there.",いい調子だよ！あと少し！,Time: 0:06:54.210000,
"Beach bada bada, beach bada bada... Almost the end!",ビーチ バダ バダビーチ バダ バダ頑張って！,Time: 0:06:57.235000,
And yes.,やった！,Time: 0:07:00.912000,
"Well done, guys.",頑張ったね！,Time: 0:07:02.687000,
"Incredible job, team. Now it's time to cool.",良くやった！今はクールダウンの時間だよ,Time: 0:07:06.210000,
We're gonna take some deep breaths.,深呼吸して、,Time: 0:07:09.610000,
calm our heart and get ready for what's next.,心をおちつかせよう！,Time: 0:07:13.050000,
"Next up, we're going to sit crisscross like",次は、あぐらをかいて、,Time: 0:07:15.742000,
put our hands together and squeeze them as hard as you can.,手をギュッと合わせて、強く握ってみよう！,Time: 0:07:18.540000,
Relax,ゆるめて、,Time: 0:07:22.192000,
and go again.,もう一回！,Time: 0:07:23.745000,
Nice big squeeze.,大きくギュッと握って,Time: 0:07:28.506000,
It feels so good to cool down.,クールダウンの時間はいいね！,Time: 0:07:30.435000,
Remember to sit as straight as you can,ねこぜにならないように,Time: 0:07:33.131000,
We don't want any floppy noodles.,まっすぐすわろう！,Time: 0:07:35.588000,
Nice big squeeze...,大きくギュッとね！,Time: 0:07:38.199000,
and relax,ゆるめて,Time: 0:07:39.745000,
"Well done, kids.",いい調子,Time: 0:07:41.493000,
Squeeze,握って。,Time: 0:07:43.762000,
"and relax. Remember, you could use this any time",ゆるめて。ストレスを感じたときや、,Time: 0:07:46.493000,
"when you're feeling stressed or a bit overwhelmed,",胸がいっぱいになったときにしてみてね。,Time: 0:07:52.687000,
as we all do sometimes.,そんな時もあるよね。,Time: 0:07:55.435000,
Big squeeze.,握って。,Time: 0:07:57.653000,
And the best part,緩めて。,Time: 0:08:00.315000,
"You don't need a lot of space, so you can do it anywhere.",狭くてもできるからいつでもできるね,Time: 0:08:04.564000,
And relax...,ゆるめて,Time: 0:08:06.620000,
"Ahh, much better!",いい気分だね。,Time: 0:08:09.433000,
I'm super chilled.,最高にチル！,Time: 0:08:11.527000,
"For the last exercise, we're going to do a figure of eight breathing. So imagine you have a big figure of eight in front of you, and we're going to start in the middle,",最後のエクササイズは、８の字呼吸をやるよ！目の前に大きな８の字を描いてね、真ん中から始めよう！,Time: 0:08:14.684000,
"breathe in on the one side,",息を吸って～,Time: 0:08:22.517000,
"and as we get to the middle,",真ん中に来たら、,Time: 0:08:25.486000,
breathe out on the other side.,息を吐いていくよ,Time: 0:08:27.960000,
"Okay,",OK,Time: 0:08:29.820000,
"three, two, one.",3、2、1,Time: 0:08:31.373000,
"Remember, everyone does this at a different pace,",みんなペースが違うから、,Time: 0:08:45.418000,
so it's okay to keep your own.,自分のペースでね!,Time: 0:08:50.776000,
"Boy, that feels good.",いい感じだね！,Time: 0:08:57.312000,
definitely requires a little bit of concentrating.,みんな集中して頑張ろう。,Time: 0:09:09.496000,
Everyone did such a great job during this adventure. Take some time to soak it in.,みんな今回の冒険もすごく頑張ったね！ゆっくり休んでね！,Time: 0:09:17.346000,
"See you soon, kids.",またね、みんな！,Time: 0:09:22.970000,
Thanks for joining us! See you next time!,参加してくれてありがとう！またね！！！,Time: 0:09:24.400000,
Break it Kids!,Break it Kids!,Time: 0:09:26.600000,
